method,threshold,precision,recall,f1,tp,fp,fn,tn
A_minilm__sim,-0.0320,0.2857,1.0000,0.4444,10,25,0,0
A_minilm__sim,0.0201,0.2941,1.0000,0.4545,10,24,0,1
A_minilm__sim,0.0722,0.2941,1.0000,0.4545,10,24,0,1
A_minilm__sim,0.1243,0.2941,1.0000,0.4545,10,24,0,1
A_minilm__sim,0.1764,0.2941,1.0000,0.4545,10,24,0,1
A_minilm__sim,0.2285,0.3030,1.0000,0.4651,10,23,0,2
A_minilm__sim,0.2806,0.3226,1.0000,0.4878,10,21,0,4
A_minilm__sim,0.3327,0.3333,1.0000,0.5000,10,20,0,5
A_minilm__sim,0.3848,0.3333,1.0000,0.5000,10,20,0,5
A_minilm__sim,0.4369,0.3448,1.0000,0.5128,10,19,0,6
A_minilm__sim,0.4890,0.4000,1.0000,0.5714,10,15,0,10
A_minilm__sim,0.5411,0.4545,1.0000,0.6250,10,12,0,13
A_minilm__sim,0.5932,0.5556,1.0000,0.7143,10,8,0,17
A_minilm__sim,0.6453,0.7143,1.0000,0.8333,10,4,0,21
A_minilm__sim,0.6974,0.7692,1.0000,0.8696,10,3,0,22
A_minilm__sim,0.7495,1.0000,0.8000,0.8889,8,0,2,25
A_minilm__sim,0.8016,1.0000,0.7000,0.8235,7,0,3,25
A_minilm__sim,0.8537,1.0000,0.5000,0.6667,5,0,5,25
A_minilm__sim,0.9058,1.0000,0.4000,0.5714,4,0,6,25
A_minilm__sim,0.9579,1.0000,0.4000,0.5714,4,0,6,25
A_minilm__sim,1.0100,0.0000,0.0000,0.0000,0,0,10,25
A_minilm__sim+struct,0.4997,0.7143,1.0000,0.8333,10,4,0,21
A_minilm__sim+struct,0.5252,0.7692,1.0000,0.8696,10,3,0,22
A_minilm__sim+struct,0.5507,0.7692,1.0000,0.8696,10,3,0,22
A_minilm__sim+struct,0.5762,0.7692,1.0000,0.8696,10,3,0,22
A_minilm__sim+struct,0.6017,0.8333,1.0000,0.9091,10,2,0,23
A_minilm__sim+struct,0.6273,0.9091,1.0000,0.9524,10,1,0,24
A_minilm__sim+struct,0.6528,0.9091,1.0000,0.9524,10,1,0,24
A_minilm__sim+struct,0.6783,1.0000,1.0000,1.0000,10,0,0,25
A_minilm__sim+struct,0.7038,1.0000,1.0000,1.0000,10,0,0,25
A_minilm__sim+struct,0.7293,1.0000,0.8000,0.8889,8,0,2,25
A_minilm__sim+struct,0.7548,1.0000,0.8000,0.8889,8,0,2,25
A_minilm__sim+struct,0.7804,1.0000,0.7000,0.8235,7,0,3,25
A_minilm__sim+struct,0.8059,1.0000,0.7000,0.8235,7,0,3,25
A_minilm__sim+struct,0.8314,1.0000,0.6000,0.7500,6,0,4,25
A_minilm__sim+struct,0.8569,1.0000,0.5000,0.6667,5,0,5,25
A_minilm__sim+struct,0.8824,1.0000,0.5000,0.6667,5,0,5,25
A_minilm__sim+struct,0.9079,1.0000,0.4000,0.5714,4,0,6,25
A_minilm__sim+struct,0.9335,1.0000,0.4000,0.5714,4,0,6,25
A_minilm__sim+struct,0.9590,1.0000,0.4000,0.5714,4,0,6,25
A_minilm__sim+struct,0.9845,1.0000,0.4000,0.5714,4,0,6,25
A_minilm__sim+struct,1.0100,0.0000,0.0000,0.0000,0,0,10,25
C_crossenc__sim,-0.0004,0.2857,1.0000,0.4444,10,25,0,0
C_crossenc__sim,0.0486,0.4167,1.0000,0.5882,10,14,0,11
C_crossenc__sim,0.0976,0.4545,1.0000,0.6250,10,12,0,13
C_crossenc__sim,0.1466,0.5263,1.0000,0.6897,10,9,0,16
C_crossenc__sim,0.1956,0.5882,1.0000,0.7407,10,7,0,18
C_crossenc__sim,0.2446,0.6250,1.0000,0.7692,10,6,0,19
C_crossenc__sim,0.2937,0.6250,1.0000,0.7692,10,6,0,19
C_crossenc__sim,0.3427,0.6667,1.0000,0.8000,10,5,0,20
C_crossenc__sim,0.3917,0.7143,1.0000,0.8333,10,4,0,21
C_crossenc__sim,0.4407,0.8333,1.0000,0.9091,10,2,0,23
C_crossenc__sim,0.4897,0.8333,1.0000,0.9091,10,2,0,23
C_crossenc__sim,0.5387,0.8333,1.0000,0.9091,10,2,0,23
C_crossenc__sim,0.5877,0.9000,0.9000,0.9000,9,1,1,24
C_crossenc__sim,0.6367,1.0000,0.9000,0.9474,9,0,1,25
C_crossenc__sim,0.6857,1.0000,0.9000,0.9474,9,0,1,25
C_crossenc__sim,0.7347,1.0000,0.9000,0.9474,9,0,1,25
C_crossenc__sim,0.7837,1.0000,0.7000,0.8235,7,0,3,25
C_crossenc__sim,0.8328,1.0000,0.5000,0.6667,5,0,5,25
C_crossenc__sim,0.8818,1.0000,0.5000,0.6667,5,0,5,25
C_crossenc__sim,0.9308,1.0000,0.5000,0.6667,5,0,5,25
C_crossenc__sim,0.9798,0.0000,0.0000,0.0000,0,0,10,25
C_crossenc__sim+struct,0.1846,0.7143,1.0000,0.8333,10,4,0,21
C_crossenc__sim+struct,0.2243,0.7692,1.0000,0.8696,10,3,0,22
C_crossenc__sim+struct,0.2641,0.7692,1.0000,0.8696,10,3,0,22
C_crossenc__sim+struct,0.3039,0.7692,1.0000,0.8696,10,3,0,22
C_crossenc__sim+struct,0.3436,0.8333,1.0000,0.9091,10,2,0,23
C_crossenc__sim+struct,0.3834,0.9091,1.0000,0.9524,10,1,0,24
C_crossenc__sim+struct,0.4231,1.0000,1.0000,1.0000,10,0,0,25
C_crossenc__sim+struct,0.4629,1.0000,1.0000,1.0000,10,0,0,25
C_crossenc__sim+struct,0.5027,1.0000,1.0000,1.0000,10,0,0,25
C_crossenc__sim+struct,0.5424,1.0000,1.0000,1.0000,10,0,0,25
C_crossenc__sim+struct,0.5822,1.0000,1.0000,1.0000,10,0,0,25
C_crossenc__sim+struct,0.6219,1.0000,0.9000,0.9474,9,0,1,25
C_crossenc__sim+struct,0.6617,1.0000,0.9000,0.9474,9,0,1,25
C_crossenc__sim+struct,0.7015,1.0000,0.9000,0.9474,9,0,1,25
C_crossenc__sim+struct,0.7412,1.0000,0.8000,0.8889,8,0,2,25
C_crossenc__sim+struct,0.7810,1.0000,0.7000,0.8235,7,0,3,25
C_crossenc__sim+struct,0.8207,1.0000,0.6000,0.7500,6,0,4,25
C_crossenc__sim+struct,0.8605,1.0000,0.5000,0.6667,5,0,5,25
C_crossenc__sim+struct,0.9003,1.0000,0.5000,0.6667,5,0,5,25
C_crossenc__sim+struct,0.9400,1.0000,0.5000,0.6667,5,0,5,25
C_crossenc__sim+struct,0.9798,0.0000,0.0000,0.0000,0,0,10,25
